{
  "fnv1 Uint8List 0": 2166136261,
  "fnv1 Uint8List 1": 36342689673377869,
  "fnv1 Uint8List 2": 36342787704990793,
  "fnv1 Uint8List 7": 6024767996176776,
  "fnv1 Uint8List 8": -4845621458005546908,
  "fnv1 Uint8List 8 sub": 36342916839692054,
  "fnv1 Uint8List 9": 3321061872673466430,
  "fnv1 Uint8List 9 sub": 36336384788465751,
  "fnv1 Uint8List 63": -8125780180529304454,
  "fnv1 Uint8List 63 sub": -8763028726097416831,
  "fnv1 Uint8List 64": -1773515689014972211,
  "fnv1 Uint8List 64 sub": 2284482460179850872,
  "fnv1 Uint8List 65": -7460805349845875257,
  "fnv1 Uint8List 65 sub": -48707111177694757,
  "fnv1 Uint8List 1000": -2050790724555373375,
  "fnv1 Uint8List 1000 sub": -5344747163444669415,
  "fnv1 Uint8List 4096": 8003465419876658629,
  "fnv1 Uint8List 4096 sub": -6631358940470054968,
  "fnv1 Uint16List 31": -8014423717584661270,
  "fnv1 Int32List 17": -4356640866285081689,
  "fnv1 Float64List 9": -1255144808869284707,
  "fnv1 List<int>": -8735326225193416839,
  "fnv1 List<int> sub": -1459961163201439636,
  "fnv1 List<String>": -2119882334508276841,
  "fnv1 List<Enum>": -4442783316569798269,
  "fnv1 List mixed": 6576057169188522926,
  "fnv1 empty": 2166136261,
  "fnv1 lazy iterable": -7739981216574713579,
  "hashJson seed 0": "UqPiZdU74L0gRd9B6dZU9S",
  "hashJson seed 0 full": "{\"CöMHMx_0\":0.00003520980183016642,\"JJDiTsl_1\":[\"60VüCOUo\",376866.4071930605],\"riheopvBs_2\":[],\"1FaTN\\\"T_3\":\"aEKs7bY\\\\473Zj7Rz\",\"Li4_4\":[],\"ORTmyRboc_5\":-330128.5953836909,\"L7modPb_6\":0.00008565220313107423,\"A2MRV\\\"l_7\":[\"YüpfpuPatS7bzüxfüjlö\",[\"Xcbu4X8ylö3u\",[\"jzCzüPEL\",365005.6149772225,0.00004479617050922908],[],\"xSxu\"],[\"LLae0m0NäcGzKYxU\",-110871.50646007893,0.000059541200857969185,[\"BWUAc8vkIY9p\",[0.00006815333153546837,-2467.1243095826358,0.00009401200028779081],[]]],\"75blmzgNLK5c\"],\"_hash\":\"UqPiZdU74L0gRd9B6dZU9S\"}",
  "hashJson seed 1": "VmrWxD00B4WunWm70ZiLyy",
  "hashJson seed 1 full": "{\"t_0\":-404835.8563915884,\"8SFcfQY_1\":0.00005827225948835925,\"t_2\":\"GhLY\",\"X_3\":\"znö9yGJzwxmx\",\"Mwo_4\":-60250.29260525736,\"s2yDH_5\":415648.4368910806,\"jCUne_6\":-464282.45167382905,\"jT4XgDs_7\":0.00008468707745618393,\"_hash\":\"VmrWxD00B4WunWm70ZiLyy\"}",
  "hashJson seed 2": "K1ZMb++pztghJAEZjXvz0Y",
  "hashJson seed 2 full": "{\"ktPgOöHm_0\":\"OsxhTDaq\",\"a_1\":0.00003736259094911324,\"0_2\":\"wXQ95lam\",\"Jg8_3\":[\"U5VPdtDn\",357803.670121031,0.00009532965689856307,[\"xtegpfdPJeip\\\\v2H\",461533.1191799425,0.00007655641428583986,[]]],\"äNqYRvo_4\":\"XFQjPemYuKY0ATy9\",\"Q_5\":0.00006115732031765512,\"ejQL6VoKJ_6\":\"ykt4EGOs\",\"zRJäkLM\\\"Q_7\":0.000027027218172627754,\"_hash\":\"K1ZMb++pztghJAEZjXvz0Y\"}",
  "hashJson seed 3": "3Jh0kfQYkQP9sKY8p0Psbo",
  "hashJson seed 3 full": "{\"bvjfu_0\":\"V7oEasEUrtQüEZg1uGTF\",\"xFODQB9H4_1\":\"EsAprjCXjzsMXBüP\",\"duäRy_2\":\"dQ1kgoY56CK54ahKBüLs\",\"al35\\\\_3\":0.00002435951710522568,\"InW_4\":-138249.06137925736,\"dJü_5\":\"qamvMGc1\",\"01J_6\":[\"goZ6aYUgCTBVY9sL\",106476.03385897935],\"\\\\EatUgQ_7\":0.00006115059156923858,\"_hash\":\"3Jh0kfQYkQP9sKY8p0Psbo\"}",
  "hashJson seed 4": "9ReSfWZHVgEhgy3wfkgkeF",
  "hashJson seed 4 full": "{\"7öteap\\\"pöv_0\":0.00009863445655016577,\"lVfnALsR0_1\":\"ä3OrUböV7QnF\",\"GD7PUAtM5_2\":\"\\\\xXY\",\"äAö55MQ_3\":[\"NöBi\\\"8Z1BNez9zqQ\",23289.610822181392],\"E_4\":[\"aVrr\",[\"Lh1I\",[\"bEäI\"]],[\"däHXHAnSqGzpoKXüi9mY\",[\"sBw83OevS\\\\1f\",[499614.66258008184,236423.47610223398,0.00007367282871897926,\"Kp7ggqKWsx\"]],-438195.5297515485],0.00007816460755769745],\"s\\\"h_5\":333279.83395795594,\"B_6\":[\"gWQofMEs\",-103784.18154776661,0.00008959003018474654,[\"GxHwo9üTöP\\\\JKi46\",55412.613441779744,0.000006821568825486256]],\"PxAGttJPb_7\":\"1cy6\\\"ncöHf8ö70vA\",\"_hash\":\"9ReSfWZHVgEhgy3wfkgkeF\"}",
  "hashJson seed 5": "j5QzSEyXRY2ImN6m0FxKzO",
  "hashJson seed 5 full": "{\"zQ2dVKä_0\":0.00007842637154007395,\"J4H_1\":-138747.9672135918,\"hkHWkg5_2\":0.00002647360265835496,\"hRB_3\":-115611.10919965559,\"I5GDVsO\\\\ä_4\":[\"ShF71sZT\\\"l8ccmüN\",-447173.8110390228],\"KJckR_5\":272441.47683136,\"brsKERM_6\":0.00009184636156809513,\"bLj44IUqR_7\":\"U\\\"A\\\"öKHgVozSgOEWeQpU\",\"_hash\":\"j5QzSEyXRY2ImN6m0FxKzO\"}",
  "hashJson seed 6": "7/4xSl5XXXe0bHVRhU/igI",
  "hashJson seed 6 full": "{\"qtwc_0\":\"y808\",\"M_1\":\"XWb9eKcB7üKY\",\"B_2\":\"WPjVj0Eejau9gxDF1v36\",\"k28v3_3\":0.000021795965400274547,\"ö_4\":\"cwHVS2yM\",\"8Qu_5\":[\"sfwgVSAy\",-112230.921405314,0.00002264394201136285,[]],\"Ycl\\\"FtGw\\\"_6\":-125810.44763620943,\"yPA4f_7\":-416612.5492243352,\"_hash\":\"7/4xSl5XXXe0bHVRhU/igI\"}",
  "hashJson seed 7": "CXDmFMKM+rM7qU3U1pDGh8",
  "hashJson seed 7 full": "{\"h\\\\5RhlACH_0\":\"TW\\\\Y\",\"\\\"TaüKgK_1\":[\"lFTg7Z\\\"CYn5uDb4Q\",248939.80790788005,0.00008531231282056345,[]],\"öl\\\\_2\":0.00005218169137440897,\"bZ0w2_3\":0.000011764069639584265,\"f794f_4\":0.00008368985782019772,\"qxvPs2OuM_5\":\"ZRIp1DUl\\\\92j\\\\uwc\",\"n0uIvQrww_6\":0.00005795551306389494,\"öEBW2_7\":0.00002221645843109745,\"_hash\":\"CXDmFMKM+rM7qU3U1pDGh8\"}",
  "hashJson seed 8": "bkPAefyxZtvjhhknWFwNgq",
  "hashJson seed 8 full": "{\"öOzQ2G_0\":0.0000063018890948636875,\"hEBRS_1\":0.00008698580954205722,\"e\\\\DCB_2\":0.00009060706694360517,\"dI\\\"mpFJ_3\":[\"\\\\RFHyj1BuVlbwAImf46T\",[\"hFDscDK61qBz\",[\"2fu8\",[471957.1336232878,0.00005708377038548036]]],0.00008870861259801214,[\"C6qWu30E\"]],\"acfä8_4\":\"EhMA\",\"Pz4_5\":-122073.45955547347,\"u_6\":[\"D\\\\ua1nxYQQcVVVZD\",-248125.66898585603,0.00007806575705442558,[\"G0S47EEF\\\\Mm8\",[\"yk3buöbDDPGJ\"],[\"MucFbUKXpüYM05QlbäGv\",[0.00006368134805350066],353412.12067403377,0.00006180249583001922]]],\"Td\\\"ObPjZT_7\":\"TzdP0nhF\",\"_hash\":\"bkPAefyxZtvjhhknWFwNgq\"}",
  "hashJson seed 9": "N17ZzQ51hjeGkYe/xI08nw",
  "hashJson seed 9 full": "{\"4r8_0\":0.00009657788491867345,\"3guouI\\\\_1\":[\"3Ir\\\"\",[\"nbvJ0o1RzüUe\",[\"ewDXIp6s\",162855.90667643654,0.00009436502572566865],[\"6aTB\",[-174253.20895343315],295530.4666929854,0.00008547555882723318]],[\"DXvWxQiTajOk\",[\"jUXu\"],[\"UJDu\"]]],\"Z_2\":\"l9oMiuM7\",\"xäps4qjv9_3\":0.000011568049704771183,\"\\\\M6_4\":-65492.61728294118,\"8za_5\":\"D07T\",\"duDfah7cS_6\":\"qEcljBxEXDta\",\"N0cdB_7\":0.00008653486029456979,\"_hash\":\"N17ZzQ51hjeGkYe/xI08nw\"}",
  "hashJson seed 10": "jgKCplKXegwkig7G183oky",
  "hashJson seed 10 full": "{\"w9CO4h5PAU_0\":306867.5331230351,\"W_1\":[\"EV2B\",[],\"kfqwNespsS2plPdy\",-409663.0690131691],\"v9W_2\":\"oNW01kmdüSwd4N\\\\1CLpt\",\"5_3\":\"\\\\GQPwx9O3VBV\",\"g_4\":\"EQ2ü3sTmsCKf\",\"oP2_5\":209512.20828052168,\"ZBzJ\\\\vV_6\":0.00000906480660134582,\"2KcCE_7\":0.000015796796377111597,\"_hash\":\"jgKCplKXegwkig7G183oky\"}",
  "hashJson seed 11": "WWVOqnrZPhYH/le1G57Wsq",
  "hashJson seed 11 full": "{\"nM\\\\NK_0\":\"jh1zx1D2E\\\\xb\",\"vWSgLHt_1\":[\"V8ELaLbVdASc6öiOM0üz\",[\"füOObQFpLJxTNvDjBekk\"]],\"K_2\":\"M0M72tpQXLo4Jvd\\\"dTdb\",\"B\\\"50Qfng2_3\":\"Llht3bEHzMY\\\"\",\"n6pfAxBiD_4\":\"G0smkvllHico\",\"e_5\":\"idEElP8pHuUiG9py\",\"6_6\":0.00004343826558449846,\"W2wH9y1_7\":[\"1LlvxJTtZydX\\\\kAH\\\"höD\",[],\"8Vechwa9J2YnMaK1cv\\\\S\"],\"_hash\":\"WWVOqnrZPhYH/le1G57Wsq\"}",
  "hashJson seed 12": "Rip+jwkt1LLM5RSFL4e/PL",
  "hashJson seed 12 full": "{\"ep_0\":0.0000015368983225736451,\"X_1\":\"n8pfg0ns\",\"häönc_2\":\"SsCOuDwö\",\"T4ö_3\":[\"XNn8B\\\"tCWe9üüWWa\"],\"0_4\":0.0000024708631223271713,\"r_5\":\"GJuPcädäTnüL\",\"0y1_6\":-256703.87254032676,\"9KY_7\":\"qiOCnhc3\",\"_hash\":\"Rip+jwkt1LLM5RSFL4e/PL\"}",
  "hashJson seed 13": "t9em6H1Xb2dw8FGeZgVwLC",
  "hashJson seed 13 full": "{\"\\\"7üm\\\\dU29_0\":[\"HoWZ6JCVWWIjC\\\"yR\",276991.3490050676,0.00005765884465572101],\"i_1\":\"OclE\",\"X\\\"4yöstjE_2\":\"UH\\\"öw3y5dQ6DV\\\"sYhw7t\",\"n_3\":\"dUArjrb18RA\\\"Sy\\\\V\",\"jOdBIzIa\\\\_4\":0.00008673083166073793,\"5öC2ö_5\":0.00004787295267350251,\"pUDak7a2\\\\_6\":\"M7NK\",\"üixüI_7\":0.00007791294935792022,\"_hash\":\"t9em6H1Xb2dw8FGeZgVwLC\"}",